"代碼","學校名稱","系組名稱","國文權重","英文權重","數學權重","社會權重","自然權重","第一階段最低篩選標準"
"101001","國立臺灣科技大學","機械工程系","1.00","1.00","1.00","0.00","1.00","90.00"
"101002","國立臺灣科技大學","材料科學與工程系","1.00","2.00","2.00","1.00","2.00","84.17"
"101003","國立臺灣科技大學","營建工程系","1.00","2.00","2.00","1.00","2.00","81.67"
"101004","國立臺灣科技大學","化學工程系","1.00","2.00","2.00","1.00","2.00","86.67"
"101005","國立臺灣科技大學","電子工程系","1.00","2.00","2.00","1.00","2.00","80.83"
"101006","國立臺灣科技大學","電機工程系","2.00","2.00","2.00","1.00","2.00","90.37"
"101007","國立臺灣科技大學","資訊工程系","1.00","2.00","3.00","1.00","2.00","89.63"
"101008","國立臺灣科技大學","工業管理系","1.00","1.00","1.00","1.00","1.00","78.67"
"101009","國立臺灣科技大學","企業管理系","1.00","2.00","2.00","1.00","1.00","86.67"
"101010","國立臺灣科技大學","資訊管理系","1.00","2.00","2.00","1.00","1.00","87.62"
"101011","國立臺灣科技大學","建築系","1.00","1.00","1.00","1.00","1.00","85.33"
"101012","國立臺灣科技大學","應用外語系","1.00","2.00","1.00","1.00","1.00","91.11"
"101013","國立臺灣科技大學","不分系學士班","1.00","1.00","1.00","1.00","1.00","68.00"
"101014","國立臺灣科技大學","工程學士班","1.00","2.00","2.00","1.00","2.00","81.67"
"101015","國立臺灣科技大學","電資學士班","1.00","2.00","2.00","1.00","2.00","86.67"
"101016","國立臺灣科技大學","管理學士班","1.00","1.00","1.00","1.00","1.00","81.33"
"101017","國立臺灣科技大學","工商業設計系工業設計組","2.00","2.00","1.00","1.00","1.00","84.76"
"101018","國立臺灣科技大學","工商業設計系商業設計組","2.00","2.00","1.00","1.00","1.00","84.76"
"102001","國立雲林科技大學","環境與安全衛生工程系","1.00","2.00","2.00","0.00","2.00","70.48"
"102002","國立雲林科技大學","工程科技菁英班","1.00","1.00","2.00","0.00","2.00","73.33"
"102003","國立雲林科技大學","工業工程與管理系","1.00","2.00","2.00","0.00","0.00","66.67"
"102004","國立雲林科技大學","國際管理學士學位學程","3.00","10.00","2.00","3.00","0.00","72.96"
"102005","國立雲林科技大學","工業設計系","1.00","2.00","2.00","1.00","1.00","80.00"
"102006","國立雲林科技大學","建築與室內設計系建築組","1.00","1.00","1.00","1.00","1.00","84.00"
"102007","國立雲林科技大學","建築與室內設計系室內組","1.00","1.00","1.00","1.00","1.00","82.67"
"102008","國立雲林科技大學","數位媒體設計系","2.00","2.00","1.00","1.00","1.00","80.95"
"102009","國立雲林科技大學","創意生活設計系","2.00","3.00","1.00","1.00","1.00","70.83"
"102010","國立雲林科技大學","文化資產維護系","1.00","1.00","1.00","1.00","1.00","65.33"
"103001","國立屏東科技大學","農園生產系","1.00","1.00","1.00","1.00","1.00","70.67"
"103002","國立屏東科技大學","森林系","2.00","1.00","1.00","1.00","1.00","66.67"
"103003","國立屏東科技大學","水產養殖系","1.00","1.00","1.00","1.00","1.00","66.67"
"103004","國立屏東科技大學","動物科學與畜產系","1.00","1.00","1.00","1.00","1.00","72.00"
"103005","國立屏東科技大學","植物醫學系","1.00","1.00","1.00","1.00","1.00","73.33"
"103006","國立屏東科技大學","木材科學與設計系","1.00","1.00","1.00","1.00","1.00","68.00"
"103007","國立屏東科技大學","食品科學系","1.00","1.00","1.00","1.00","2.00","81.11"
"103008","國立屏東科技大學","生物科技系","1.00","1.00","1.00","1.00","1.00","80.00"
"103009","國立屏東科技大學","水土保持系","1.00","2.00","2.00","0.00","1.00","63.33"
"103010","國立屏東科技大學","土木工程系","1.00","2.00","2.00","0.00","1.50","76.41"
"103011","國立屏東科技大學","車輛工程系","0.00","1.00","1.00","0.00","1.00","68.89"
"103012","國立屏東科技大學","機械工程系","1.00","1.00","1.00","1.00","1.00","78.67"
"103013","國立屏東科技大學","環境工程與科學系","1.00","1.00","1.00","1.00","1.00","76.00"
"103014","國立屏東科技大學","生物機電工程系","1.00","1.00","1.00","1.00","1.00","73.33"
"103015","國立屏東科技大學","財務金融國際學士學位學程","1.00","3.00","3.00","0.00","0.00","76.19"
"103016","國立屏東科技大學","農企業管理系","2.00","2.00","2.00","0.50","0.50","65.71"
"103017","國立屏東科技大學","工業管理系","1.00","1.00","1.00","1.00","1.00","69.33"
"103018","國立屏東科技大學","餐旅管理系","1.00","1.00","1.00","1.00","1.00","69.33"
"103019","國立屏東科技大學","幼兒保育系","1.00","1.00","1.00","1.00","1.00","66.67"
"103020","國立屏東科技大學","社會工作系","1.00","1.00","1.00","1.00","1.00","74.67"
"103021","國立屏東科技大學","獸醫學系","1.00","2.00","1.00","1.00","1.00","86.67"
"103022","國立屏東科技大學","熱帶農業暨國際合作系","1.00","3.00","1.00","1.00","0.00","46.67"
"104001","國立臺北科技大學","機械工程系精密機電組","1.00","2.00","2.00","0.00","2.00","88.57"
"104002","國立臺北科技大學","機械工程系精密設計組","1.00","2.00","2.00","0.00","2.00","85.71"
"104003","國立臺北科技大學","機械工程系電機與控制組","1.00","2.00","2.00","0.00","2.00","88.57"
"104004","國立臺北科技大學","能源與冷凍空調工程系","1.00","1.00","1.00","0.00","0.00","68.89"
"104005","國立臺北科技大學","車輛工程系","1.00","2.00","2.00","0.00","2.00","80.00"
"104006","國立臺北科技大學","土木工程系","1.00","2.00","2.00","0.00","2.00","79.05"
"104007","國立臺北科技大學","分子科學與工程系","1.00","1.00","1.00","1.00","1.00","80.00"
"104008","國立臺北科技大學","化學工程與生物科技系","1.00","2.00","2.00","0.00","2.00","86.67"
"104009","國立臺北科技大學","材料及資源工程系材料組","1.00","2.00","2.00","1.00","2.00","82.50"
"104010","國立臺北科技大學","材料及資源工程系資源組","1.00","2.00","2.00","1.00","2.00","36.67"
"104011","國立臺北科技大學","工業工程與管理系","1.00","2.00","2.00","0.00","0.00","82.67"
"104012","國立臺北科技大學","經營管理系","2.00","2.00","2.00","1.00","1.00","85.00"
"104013","國立臺北科技大學","建築系","2.00","2.00","1.00","1.00","2.00","90.83"
"104014","國立臺北科技大學","應用英文系","1.00","3.00","1.00","1.00","0.00","90.00"
"104015","國立臺北科技大學","文化事業發展系","2.00","1.00","1.00","1.00","1.00","80.00"
"104016","國立臺北科技大學","機電學士班","1.00","2.00","2.00","0.00","2.00","80.00"
"104017","國立臺北科技大學","電資學士班","1.00","1.00","1.00","0.00","1.00","81.67"
"104018","國立臺北科技大學","工程科技學士班","1.00","2.00","2.00","1.00","2.00","58.33"
"104019","國立臺北科技大學","創意設計學士班","2.00","2.00","1.00","1.00","1.00","85.71"
"104020","國立臺北科技大學","資訊與財金管理系","1.00","1.00","1.00","0.00","0.00","88.89"
"105001","國立高雄第一科技大學","營建工程系","1.00","1.00","1.00","0.00","1.00","75.00"
"105002","國立高雄第一科技大學","環境與安全衛生工程系","0.00","0.00","1.00","1.00","1.00","73.33"
"105003","國立高雄第一科技大學","創新設計工程系","1.00","1.00","0.00","1.00","1.00","78.33"
"105004","國立高雄第一科技大學","電腦與通訊工程系","0.00","0.00","1.00","0.00","0.00","86.67"
"105005","國立高雄第一科技大學","電子工程系","0.00","0.00","1.00","0.00","0.00","73.33"
"105006","國立高雄第一科技大學","運籌管理系","0.00","1.00","0.00","0.00","0.00","80.00"
"105007","國立高雄第一科技大學","行銷與流通管理系","1.00","1.00","1.00","1.00","0.00","80.00"
"105008","國立高雄第一科技大學","財務管理系","1.00","1.00","0.00","0.00","0.00","83.33"
"105009","國立高雄第一科技大學","應用英語系","1.00","1.00","0.00","0.00","0.00","86.67"
"105010","國立高雄第一科技大學","應用日語系","1.00","1.00","1.00","1.00","0.00","75.00"
"105011","國立高雄第一科技大學","應用德語系","2.00","2.00","0.00","0.00","0.00","80.00"
"106001","國立高雄應用科技大學","化學工程與材料工程系","1.00","0.00","1.00","0.00","0.00","76.67"
"106002","國立高雄應用科技大學","土木工程系","1.00","1.00","1.00","1.00","1.00","73.33"
"106003","國立高雄應用科技大學","模具工程系","1.00","1.00","1.00","0.00","1.00","61.67"
"106004","國立高雄應用科技大學","模具工程系光電模具組","1.00","1.00","1.00","0.00","1.00","71.67"
"106005","國立高雄應用科技大學","模具工程系精微模具組","1.00","1.00","1.00","0.00","1.00","68.33"
"106006","國立高雄應用科技大學","機械工程系","1.00","0.00","1.00","0.00","0.00","76.67"
"106007","國立高雄應用科技大學","機械工程系機電組","1.00","0.00","1.00","0.00","0.00","80.00"
"106008","國立高雄應用科技大學","機械工程系微奈米技術組","1.00","0.00","1.00","0.00","0.00","76.67"
"106009","國立高雄應用科技大學","工業工程與管理系","1.00","1.00","1.00","0.00","0.00","73.33"
"106010","國立高雄應用科技大學","電機工程系","1.00","0.00","1.00","0.00","0.00","76.67"
"106011","國立高雄應用科技大學","電子工程系電子組","1.00","1.00","1.00","0.00","1.00","80.00"
"106012","國立高雄應用科技大學","電子工程系資訊組","1.00","1.00","1.00","0.00","1.00","78.33"
"106013","國立高雄應用科技大學","電子工程系電信與系統組","1.00","1.00","1.00","0.00","1.00","76.67"
"106014","國立高雄應用科技大學","資訊工程系","0.00","0.00","1.00","0.00","0.00","93.33"
"106015","國立高雄應用科技大學","會計系","1.00","1.00","1.00","0.00","0.00","80.00"
"106016","國立高雄應用科技大學","國際企業系","1.00","1.00","0.00","1.00","0.00","88.89"
"106017","國立高雄應用科技大學","財富與稅務管理系財富管理組","1.00","1.00","1.00","0.00","0.00","75.56"
"106018","國立高雄應用科技大學","財富與稅務管理系財政稅務組","1.00","1.00","1.00","0.00","0.00","73.33"
"106019","國立高雄應用科技大學","金融系","1.00","1.00","1.00","0.00","0.00","75.56"
"106020","國立高雄應用科技大學","企業管理系","1.00","1.00","0.00","0.00","0.00","86.67"
"106021","國立高雄應用科技大學","觀光管理系","1.00","2.00","1.00","0.00","0.00","78.33"
"106022","國立高雄應用科技大學","資訊管理系","1.00","1.00","1.00","1.00","1.00","77.33"
"106023","國立高雄應用科技大學","應用外語系","1.00","1.00","0.00","0.00","0.00","90.00"
"106024","國立高雄應用科技大學","人力資源發展系","1.00","2.00","1.00","0.00","0.00","73.33"
"106025","國立高雄應用科技大學","文化創意產業系","2.00","1.00","1.00","0.00","0.00","75.00"
"107001","國立虎尾科技大學","機械與電腦輔助工程系","1.00","2.00","2.00","1.00","2.00","70.00"
"107002","國立虎尾科技大學","材料科學與工程系","1.00","2.00","2.00","1.00","2.00","76.67"
"107003","國立虎尾科技大學","機械設計工程系","1.00","2.00","2.00","0.00","2.00","72.38"
"107004","國立虎尾科技大學","動力機械工程系","1.00","2.00","2.00","1.00","2.00","70.00"
"107005","國立虎尾科技大學","自動化工程系","1.00","2.00","2.00","1.00","2.00","67.50"
"107006","國立虎尾科技大學","車輛工程系","1.00","2.00","2.00","1.00","2.00","65.00"
"107007","國立虎尾科技大學","飛機工程系機械組","1.00","3.00","2.00","0.00","2.00","76.67"
"107008","國立虎尾科技大學","飛機工程系航空電子組","1.00","2.00","2.00","0.00","2.00","71.43"
"107009","國立虎尾科技大學","電子工程系","1.00","2.00","2.00","1.00","2.00","66.67"
"107010","國立虎尾科技大學","光電工程系","1.00","1.00","2.00","0.00","1.00","66.67"
"107011","國立虎尾科技大學","資訊管理系","1.00","1.00","1.00","1.00","1.00","66.67"
"107012","國立虎尾科技大學","財務金融系","1.00","2.00","2.00","0.00","0.00","70.67"
"107013","國立虎尾科技大學","生物科技系","1.00","3.00","1.00","0.00","2.00","58.10"
"108001","國立高雄海洋科技大學","海事資訊科技系","1.00","2.00","1.50","1.00","1.00","57.95"
"108002","國立高雄海洋科技大學","航運技術系","1.00","2.00","1.50","1.00","1.00","65.64"
"108003","國立高雄海洋科技大學","輪機工程系","1.00","2.00","2.00","0.00","1.00","64.44"
"108004","國立高雄海洋科技大學","航運管理系","1.00","2.00","1.00","1.00","0.00","76.00"
"108005","國立高雄海洋科技大學","資訊管理系","1.00","1.50","1.50","0.00","1.00","70.00"
"108006","國立高雄海洋科技大學","供應鏈管理系","1.00","2.00","1.00","0.00","0.00","68.33"
"108007","國立高雄海洋科技大學","海洋休閒管理系","1.00","2.00","1.00","0.00","1.00","70.67"
"108008","國立高雄海洋科技大學","水產食品科學系","1.00","1.50","1.00","0.00","1.50","66.67"
"108009","國立高雄海洋科技大學","漁業生產與管理系","1.00","2.00","2.00","0.00","1.00","55.56"
"108010","國立高雄海洋科技大學","水產養殖系","1.00","1.00","0.00","0.00","1.50","67.62"
"108011","國立高雄海洋科技大學","海洋生物技術系","1.00","1.50","1.00","1.00","1.50","69.44"
"108012","國立高雄海洋科技大學","海洋環境工程系","1.00","1.50","1.50","0.00","1.50","63.64"
"108013","國立高雄海洋科技大學","造船及海洋工程系","1.00","1.50","1.50","0.00","1.00","64.00"
"108014","國立高雄海洋科技大學","電訊工程系","0.00","1.50","2.00","0.00","1.50","70.67"
"108015","國立高雄海洋科技大學","微電子工程系","0.00","2.00","2.00","0.00","1.50","56.36"
"109001","國立澎湖科技大學","餐旅管理系","1.00","1.00","1.00","0.00","0.00","57.78"
"109002","國立澎湖科技大學","海洋遊憩系","1.00","1.00","1.00","1.00","1.00","56.00"
"109003","國立澎湖科技大學","行銷與物流管理系","2.00","2.00","1.00","2.00","1.00","62.50"
"109004","國立澎湖科技大學","航運管理系","2.00","2.50","2.00","1.00","1.00","57.25"
"109005","國立澎湖科技大學","電信工程系","1.00","2.00","2.00","0.00","2.00","41.90"
"109006","國立澎湖科技大學","資訊工程系","1.00","2.00","2.00","1.00","2.00","62.50"
"109007","國立澎湖科技大學","水產養殖系","2.00","1.00","1.00","1.00","2.00","62.86"
"110001","國立勤益科技大學","化工與材料工程系","0.00","0.00","1.00","0.00","0.00","80.00"
"110002","國立勤益科技大學","冷凍空調與能源系","1.00","1.00","1.00","1.00","1.00","61.33"
"110003","國立勤益科技大學","資訊工程系","0.00","0.00","1.00","0.00","0.00","66.67"
"110004","國立勤益科技大學","工業工程與管理系","1.00","0.00","0.00","0.00","0.00","80.00"
"111001","國立臺北護理健康大學","護理系","1.00","3.00","1.00","1.00","1.00","70.48"
"111002","國立臺北護理健康大學","護理系（公費生）","1.00","3.00","1.00","1.00","1.00","73.33"
"111003","國立臺北護理健康大學","健康事業管理系","1.00","3.00","2.00","1.00","1.00","73.33"
"111004","國立臺北護理健康大學","資訊管理系","1.00","1.00","1.00","1.00","1.00","78.67"
"111005","國立臺北護理健康大學","休閒產業與健康促進系","1.00","2.00","1.00","2.00","1.00","75.24"
"111006","國立臺北護理健康大學","嬰幼兒保育系","2.00","2.00","2.00","1.00","1.00","70.83"
"111007","國立臺北護理健康大學","運動保健系","1.00","2.00","2.00","0.00","2.00","73.33"
"111008","國立臺北護理健康大學","生死與健康心理諮商系","2.00","3.00","2.00","1.00","1.00","77.04"
"112001","國立高雄餐旅大學","旅館管理系","1.00","2.00","1.00","0.00","0.00","78.33"
"112002","國立高雄餐旅大學","餐飲管理系","1.00","2.00","1.00","1.00","0.00","81.33"
"112003","國立高雄餐旅大學","中餐廚藝系","1.00","1.00","1.00","1.00","1.00","78.67"
"112004","國立高雄餐旅大學","西餐廚藝系","1.00","1.00","1.00","1.00","1.00","81.33"
"112005","國立高雄餐旅大學","旅運管理系","1.00","2.00","1.00","0.00","0.00","71.67"
"112006","國立高雄餐旅大學","烘焙管理系","1.00","1.00","1.00","1.00","1.00","81.33"
"112007","國立高雄餐旅大學","航空暨運輸服務管理系","1.00","2.00","1.00","1.00","0.00","84.00"
"112008","國立高雄餐旅大學","休閒暨遊憩管理系","1.00","2.00","1.00","1.00","1.00","75.56"
"112009","國立高雄餐旅大學","餐旅暨會展行銷管理系","1.00","2.00","1.00","1.00","1.00","54.44"
"112010","國立高雄餐旅大學","應用日語系","2.00","3.00","0.00","1.00","0.00","87.78"
"112011","國立高雄餐旅大學","應用英語系","2.00","3.00","0.00","1.00","0.00","92.22"
"112012","國立高雄餐旅大學","國際觀光學士學位學程","2.00","3.00","0.00","1.00","0.00","82.22"
"112013","國立高雄餐旅大學","國際廚藝學士學位學程","2.00","2.00","1.00","1.00","1.00","77.14"
"113001","國立臺中科技大學","財政稅務系","1.00","2.00","2.00","1.00","1.00","69.52"
"113002","國立臺中科技大學","企業管理系","1.00","2.00","2.00","1.00","1.00","79.05"
"113003","國立臺中科技大學","流通管理系","1.50","2.00","3.00","1.00","1.50","67.78"
"113004","國立臺中科技大學","保險金融管理系","1.00","2.00","2.00","1.00","1.00","75.24"
"113005","國立臺中科技大學","應用統計系","1.00","2.00","3.00","1.00","1.00","68.33"
"113006","國立臺中科技大學","商業設計系","2.00","2.00","1.00","1.00","1.00","83.81"
"113007","國立臺中科技大學","多媒體設計系","1.00","2.00","2.00","1.00","1.00","78.10"
"113008","國立臺中科技大學","應用日語系","2.00","3.00","1.00","1.00","0.00","79.05"
"113009","國立臺中科技大學","應用英語系","2.00","3.00","0.00","1.00","0.00","90.00"
"113010","國立臺中科技大學","應用中文系","3.00","2.00","1.00","1.00","1.00","67.50"
"113011","國立臺中科技大學","美容系","2.00","2.00","1.00","1.00","1.00","66.67"
"113012","國立臺中科技大學","資訊工程系","1.00","2.00","2.00","1.00","2.00","81.67"
"113013","國立臺中科技大學","護理系","1.00","3.00","1.50","1.00","2.00","69.80"
"113014","國立臺中科技大學","護理系（公費生）","1.00","3.00","1.50","1.00","2.00","74.51"
"114001","國立臺北商業大學","會計資訊系（臺北校區）","1.00","2.00","2.00","0.00","0.00","85.33"
"114002","國立臺北商業大學","財務金融系（臺北校區）","1.00","2.00","1.00","1.00","1.00","86.67"
"114003","國立臺北商業大學","財政稅務系（臺北校區）","1.00","2.00","2.00","0.00","0.00","81.33"
"114004","國立臺北商業大學","國際商務系（臺北校區）","1.00","2.00","2.00","0.00","0.00","84.00"
"114005","國立臺北商業大學","企業管理系（臺北校區）","1.00","2.00","2.00","0.00","0.00","81.33"
"114006","國立臺北商業大學","資訊管理系（臺北校區）","1.00","2.00","2.00","0.00","0.00","84.00"
"114007","國立臺北商業大學","應用外語系（臺北校區）","1.00","1.50","1.00","1.00","1.00","85.45"
"114008","國立臺北商業大學","商品創意經營系（桃園校區）","1.00","2.00","1.00","0.00","0.00","76.67"
"114009","國立臺北商業大學","商業設計管理系（桃園校區）","1.00","2.00","2.00","0.00","0.00","72.00"
"114010","國立臺北商業大學","數位多媒體設計系（桃園校區）","1.00","2.00","1.00","0.00","0.00","80.00"
"201001","朝陽科技大學","休閒事業管理系","1.00","1.00","0.00","0.00","0.00","66.67"
"201002","朝陽科技大學","銀髮產業管理系","1.00","0.00","0.00","1.00","0.00","70.00"
"201003","朝陽科技大學","工業工程與管理系","1.00","0.00","1.00","0.00","0.00","46.67"
"201004","朝陽科技大學","營建工程系","1.00","0.00","1.00","0.00","0.00","43.33"
"201005","朝陽科技大學","環境工程與管理系","0.00","1.00","0.00","0.00","1.00","43.33"
"201006","朝陽科技大學","應用化學系化學技術組","1.00","0.00","1.00","0.00","0.00","50.00"
"201007","朝陽科技大學","應用化學系生化科技組","1.00","0.00","1.00","0.00","0.00","53.33"
"201008","朝陽科技大學","建築系建築組","1.00","1.00","0.00","0.00","0.00","56.67"
"201009","朝陽科技大學","建築系室內設計組","1.00","1.00","0.00","0.00","0.00","63.33"
"201010","朝陽科技大學","工業設計系","1.00","1.00","0.00","0.00","0.00","63.33"
"201011","朝陽科技大學","景觀及都市設計系","1.00","1.00","0.00","0.00","0.00","56.67"
"201012","朝陽科技大學","傳播藝術系","1.00","1.00","0.00","0.00","0.00","66.67"
"201013","朝陽科技大學","資訊管理系資訊管理組","0.00","1.00","1.00","0.00","0.00","50.00"
"201014","朝陽科技大學","資訊管理系數位多媒體組","0.00","1.00","1.00","0.00","0.00","40.00"
"201015","朝陽科技大學","資訊工程系","0.00","0.00","1.00","0.00","1.00","60.00"
"201016","朝陽科技大學","資訊與通訊系","0.00","0.00","1.00","0.00","1.00","20.00"
"202001","南臺科技大學","電機工程系控制與晶片組","0.00","1.00","1.00","0.00","1.00","35.56"
"202002","南臺科技大學","化學工程與材料工程系","0.00","1.00","1.00","0.00","1.00","22.22"
"202003","南臺科技大學","生物科技系","0.00","1.00","1.00","0.00","1.00","44.44"
"202004","南臺科技大學","工業管理與資訊系工業管理組","1.00","1.00","1.00","0.00","0.00","22.22"
"202005","南臺科技大學","財務金融系","1.00","1.50","0.00","0.00","0.00","68.00"
"202006","南臺科技大學","多媒體與電腦娛樂科學系","0.00","1.00","1.00","0.00","1.00","26.67"
"202007","南臺科技大學","創新產品設計系","1.00","1.00","0.00","0.00","0.00","56.67"
"202008","南臺科技大學","流行音樂產業系","1.00","1.00","0.00","0.00","0.00","53.33"
"203001","崑山科技大學","機械工程系","1.00","2.00","2.00","0.00","1.00","51.11"
"203002","崑山科技大學","機械工程系汽車組","1.00","2.00","2.00","0.00","1.00","27.78"
"203003","崑山科技大學","環境工程系","1.00","1.00","1.00","0.00","1.00","36.67"
"203004","崑山科技大學","材料工程系","0.00","1.00","1.00","0.00","0.00","33.33"
"203005","崑山科技大學","視覺傳達設計系","2.00","2.00","1.00","0.00","0.00","58.67"
"203006","崑山科技大學","空間設計系","1.00","1.00","1.00","0.00","0.00","40.00"
"203007","崑山科技大學","公共關係暨廣告系","2.00","2.00","1.00","0.00","0.00","20.00"
"203008","崑山科技大學","視訊傳播設計系","2.00","2.00","1.00","0.00","0.00","20.00"
"203009","崑山科技大學","電腦與通訊系","1.00","2.00","2.00","0.00","0.00","20.00"
"203010","崑山科技大學","資訊管理系","1.00","1.00","1.00","1.00","1.00","50.67"
"204001","嘉藥學校財團法人嘉南藥理大學","藥學系","1.00","1.50","1.50","1.00","2.00","80.48"
"204002","嘉藥學校財團法人嘉南藥理大學","化菻~應用與管理系","1.00","2.00","1.00","1.00","2.00","45.71"
"204003","嘉藥學校財團法人嘉南藥理大學","食品科技系","1.00","1.50","1.00","1.00","3.00","46.22"
"204004","嘉藥學校財團法人嘉南藥理大學","保健營養系","1.00","1.00","1.00","1.00","3.00","58.10"
"204005","嘉藥學校財團法人嘉南藥理大學","環境工程與科學系","1.00","1.00","1.00","1.00","1.00","44.00"
"204006","嘉藥學校財團法人嘉南藥理大學","環境資源管理系","1.00","1.00","1.00","1.00","1.00","44.00"
"204007","嘉藥學校財團法人嘉南藥理大學","應用空間資訊系","1.00","2.00","2.00","1.00","1.00","24.76"
"204008","嘉藥學校財團法人嘉南藥理大學","休閒保健管理系","2.00","2.00","1.00","1.00","1.00","42.86"
"204009","嘉藥學校財團法人嘉南藥理大學","老人服務事業管理系","2.00","1.00","1.00","2.00","1.00","57.14"
"205001","樹德科技大學","電腦與通訊系","1.00","1.00","1.00","0.00","0.00","20.00"
"205002","樹德科技大學","流通管理系","1.00","0.00","0.00","1.00","0.00","16.67"
"205003","樹德科技大學","應用外語系","1.00","1.00","1.00","1.00","1.00","52.00"
"205004","樹德科技大學","兒童與家庭服務系","1.00","1.00","1.00","1.00","0.00","45.00"
"205005","樹德科技大學","社會工作學士學位學程","1.00","1.00","1.00","1.00","0.00","55.00"
"205006","樹德科技大學","室內設計系","1.00","1.00","0.00","0.00","0.00","16.67"
"206001","龍華科技大學","化工與材料工程系","1.00","2.00","2.00","0.00","2.00","36.19"
"206002","龍華科技大學","電子工程系","1.00","2.00","2.00","0.00","1.50","42.05"
"206003","龍華科技大學","資訊網路工程系","1.00","2.00","2.00","0.00","1.00","41.11"
"206004","龍華科技大學","企業管理系","1.00","2.00","2.00","0.00","0.00","44.00"
"206005","龍華科技大學","資訊管理系","1.00","2.00","2.00","0.00","0.00","40.00"
"206006","龍華科技大學","多媒體與遊戲發展科學系","1.00","2.00","2.00","0.00","0.00","41.33"
"206007","龍華科技大學","文化創意與數位媒體設計系","1.00","2.00","2.00","0.00","0.00","36.00"
"207001","輔英科技大學","護理系","1.00","2.00","1.00","0.00","0.00","46.67"
"207002","輔英科技大學","護理系（公費生）","1.00","2.00","1.00","0.00","0.00","65.00"
"207003","輔英科技大學","健康事業管理系","1.00","1.00","1.00","0.00","0.00","35.56"
"207004","輔英科技大學","物理治療系","2.00","4.00","2.00","1.00","1.00","68.00"
"207005","輔英科技大學","保健營養系","1.00","1.00","1.00","1.00","1.00","54.67"
"207006","輔英科技大學","健康美容系","1.00","1.00","0.00","1.00","1.00","45.00"
"207007","輔英科技大學","環境工程與科學系","1.00","1.00","1.00","1.00","1.00","26.67"
"207008","輔英科技大學","應用化學及材料科學系","1.00","1.00","1.00","1.00","1.00","45.33"
"207009","輔英科技大學","生物科技系","1.00","1.00","1.00","0.00","1.00","36.67"
"207010","輔英科技大學","資訊管理系","1.00","1.00","2.00","1.00","0.00","41.33"
"207011","輔英科技大學","資訊科技學位學程","0.00","1.00","2.00","0.00","0.00","15.56"
"208001","明新科技大學","機械工程系","0.00","1.00","1.00","0.00","0.00","23.33"
"208002","明新科技大學","電機工程系","0.00","1.00","1.00","0.00","0.00","13.33"
"208003","明新科技大學","電子工程系","0.00","1.00","1.00","0.00","0.00","13.33"
"208004","明新科技大學","化學工程與材料科技系","0.00","1.00","1.00","0.00","0.00","23.33"
"208005","明新科技大學","土木工程與環境資源管理系","0.00","1.00","1.00","0.00","0.00","36.67"
"208006","明新科技大學","光電系統工程系","0.00","1.00","1.00","0.00","0.00","13.33"
"208007","明新科技大學","資訊工程系","0.00","1.00","1.00","0.00","0.00","43.33"
"208008","明新科技大學","旅館事業管理系","1.00","1.00","0.00","0.00","0.00","60.00"
"208009","明新科技大學","老人服務事業管理系","1.00","1.00","0.00","0.00","0.00","53.33"
"209001","弘光科技大學","物理治療系","1.00","1.00","1.00","1.00","1.00","68.00"
"209002","弘光科技大學","護理系","1.00","1.00","1.00","1.00","1.00","61.33"
"209003","弘光科技大學","護理系（公費生）","1.00","1.00","1.00","1.00","1.00","70.67"
"209004","弘光科技大學","化妝品應用系","1.00","1.00","1.00","1.00","1.00","46.67"
"209005","弘光科技大學","餐旅管理系","1.00","1.00","1.00","1.00","1.00","56.00"
"209006","弘光科技大學","運動休閒系","1.00","1.00","1.00","1.00","1.00","37.33"
"209007","弘光科技大學","美髮造型設計系","1.00","1.00","1.00","1.00","1.00","26.67"
"210001","健行科技大學","土木工程系","1.00","1.00","1.00","1.00","1.00","45.33"
"210002","健行科技大學","工業管理系服務管理組","1.00","1.00","1.00","0.00","0.00","13.33"
"210003","健行科技大學","工業管理系資訊應用組","1.00","1.00","1.00","0.00","0.00","22.22"
"210004","健行科技大學","企業管理系","1.00","1.00","1.00","0.00","0.00","40.00"
"210005","健行科技大學","行銷與流通管理系","1.00","1.00","0.00","1.00","0.00","46.67"
"210006","健行科技大學","物業經營與管理系","1.00","1.00","0.00","1.00","0.00","44.44"
"210007","健行科技大學","物業經營與管理系室內設計組","1.00","1.00","0.00","1.00","0.00","46.67"
"210008","健行科技大學","財務金融系投資理財組","1.00","1.00","1.00","0.00","0.00","35.56"
"210009","健行科技大學","國際企業經營系航空服務與行銷企劃組","1.00","1.00","1.00","0.00","0.00","33.33"
"210010","健行科技大學","國際企業經營系觀光行銷與休閒管理組","1.00","1.00","1.00","0.00","0.00","42.22"
"210011","健行科技大學","資訊工程系","1.00","1.00","1.00","1.00","1.00","46.67"
"210012","健行科技大學","資訊工程系網路技術組","1.00","1.00","1.00","1.00","1.00","45.33"
"210013","健行科技大學","電子工程系","1.00","1.00","1.00","0.00","0.00","24.44"
"210014","健行科技大學","電子工程系光電應用組","1.00","1.00","1.00","0.00","0.00","24.44"
"210015","健行科技大學","電機工程系","2.00","0.00","2.00","0.00","1.00","40.00"
"210016","健行科技大學","電機工程系綠色能源組","2.00","0.00","2.00","0.00","1.00","32.00"
"210017","健行科技大學","機械工程系","1.00","1.00","1.00","0.00","0.00","20.00"
"210018","健行科技大學","餐旅管理系","1.00","1.00","1.00","1.00","0.00","55.00"
"210019","健行科技大學","機械工程系車輛組","1.00","1.00","1.00","0.00","0.00","22.22"
"210020","健行科技大學","數位多媒體設計系","1.00","1.00","0.00","1.00","0.00","55.56"
"211001","正修科技大學","電子工程系綠能科技應用組","1.00","1.00","1.00","1.00","1.00","40.00"
"211002","正修科技大學","工業工程與管理系經營管理組","1.00","1.00","1.00","1.00","1.00","26.67"
"211003","正修科技大學","休閒與運動管理系","2.00","2.00","2.00","1.00","1.00","39.17"
"211004","正修科技大學","企業管理系經營管理組","2.00","2.00","1.00","2.00","1.00","49.17"
"211005","正修科技大學","土木與空間資訊系工程技術組","1.00","1.00","2.00","1.00","1.00","40.00"
"211006","正修科技大學","建築與室內設計系建築設計組","1.00","1.00","1.00","1.00","1.00","45.33"
"211007","正修科技大學","幼兒保育系家庭社工組","2.00","2.00","1.00","2.00","1.00","44.17"
"212001","萬能科技大學","營建科技系不動產與室內設計組","0.00","0.00","0.00","2.00","0.00","33.33"
"212002","萬能科技大學","營建科技系營建與創意空間組","0.00","0.00","0.00","2.00","0.00","26.67"
"212003","萬能科技大學","環境工程系","1.00","0.00","0.00","0.00","0.00","20.00"
"212004","萬能科技大學","資訊工程系","1.00","0.00","0.00","0.00","0.00","13.33"
"212005","萬能科技大學","航空光機電系","0.00","0.00","0.00","2.00","0.00","40.00"
"212006","萬能科技大學","化妝品應用與管理系化妝品應用組","0.00","0.00","0.00","0.00","2.00","0.00"
"212007","萬能科技大學","商業設計系商業設計組","1.00","1.00","0.00","1.00","0.00","28.89"
"212008","萬能科技大學","商業設計系數位媒體設計組","1.00","1.00","0.00","1.00","0.00","20.00"
"212009","萬能科技大學","觀光與休閒事業管理系","0.00","0.00","0.00","2.00","0.00","60.00"
"212010","萬能科技大學","餐飲管理系","0.00","0.00","0.00","2.00","0.00","53.33"
"212011","萬能科技大學","旅館管理系","0.00","0.00","0.00","2.00","0.00","53.33"
"213001","建國科技大學","機械工程系","1.00","1.00","1.00","0.00","0.00","40.00"
"213002","建國科技大學","電機工程系","1.00","1.00","1.00","0.00","0.00","22.22"
"213003","建國科技大學","電子工程系","1.00","1.00","1.00","0.00","0.00","15.56"
"213004","建國科技大學","自動化工程系","1.00","1.00","1.00","0.00","0.00","22.22"
"213005","建國科技大學","資訊與網路通訊系","1.00","1.00","1.00","0.00","0.00","31.11"
"213006","建國科技大學","土木工程系","1.00","1.00","1.00","0.00","0.00","40.00"
"213007","建國科技大學","工業與服務管理系","1.00","1.00","1.00","0.00","0.00","22.22"
"213008","建國科技大學","資訊管理系","1.00","1.00","1.00","0.00","0.00","20.00"
"213009","建國科技大學","國際企業管理系","1.00","1.00","1.00","0.00","0.00","40.00"
"213010","建國科技大學","行銷與服務管理系","1.00","1.00","1.00","0.00","0.00","33.33"
"213011","建國科技大學","商業設計系","1.00","1.00","1.00","0.00","0.00","37.78"
"213012","建國科技大學","空間設計系","1.00","1.00","1.00","0.00","0.00","35.56"
"213013","建國科技大學","數位媒體設計系","1.00","1.00","1.00","0.00","0.00","28.89"
"213014","建國科技大學","創意產品與遊戲設計系","1.00","1.00","1.00","0.00","0.00","20.00"
"213015","建國科技大學","應用外語系","1.00","1.00","1.00","0.00","0.00","51.11"
"213016","建國科技大學","運動健康與休閒系","1.00","1.00","1.00","0.00","0.00","33.33"
"213017","建國科技大學","美容系","1.00","1.00","1.00","0.00","0.00","22.22"
"213018","建國科技大學","觀光系","1.00","1.00","1.00","0.00","0.00","40.00"
"214001","明志科技大學","機械工程系精密機械組","1.00","2.00","1.50","1.00","1.50","64.76"
"214002","明志科技大學","機械工程系光機電組","1.00","2.00","1.50","1.00","1.50","59.05"
"214003","明志科技大學","機械工程系車輛組","1.00","2.00","1.50","1.00","1.50","59.05"
"214004","明志科技大學","電機工程系","1.00","2.00","2.00","1.00","2.00","65.83"
"214005","明志科技大學","電子工程系","1.00","2.00","2.00","1.00","2.00","65.00"
"214006","明志科技大學","化學工程系","1.00","2.00","2.00","1.00","2.00","55.00"
"214007","明志科技大學","環境與安全衛生工程系","1.00","2.00","2.00","1.00","2.00","49.17"
"214008","明志科技大學","材料工程系","1.00","2.00","2.00","1.00","2.00","57.50"
"214009","明志科技大學","工業工程與管理系","1.00","2.00","2.00","1.00","1.00","53.33"
"214010","明志科技大學","經營管理系","1.00","2.00","2.00","1.00","1.00","64.76"
"214011","明志科技大學","工業設計系","1.00","1.00","1.00","1.00","1.00","68.00"
"215001","高苑科技大學","電子工程系航空電子組","1.00","0.00","0.00","0.00","0.00","33.33"
"215002","高苑科技大學","電子工程系","1.00","0.00","0.00","0.00","0.00","20.00"
"215003","高苑科技大學","電機工程系","1.00","0.00","0.00","0.00","0.00","33.33"
"215004","高苑科技大學","機械與自動化工程系","1.00","0.00","0.00","0.00","0.00","26.67"
"215005","高苑科技大學","機械與自動化工程系先進車輛組","1.00","0.00","0.00","0.00","0.00","20.00"
"215006","高苑科技大學","機械與自動化工程系電腦輔助設計組","1.00","0.00","0.00","0.00","0.00","33.33"
"215007","高苑科技大學","化妝品應用系","1.00","0.00","0.00","0.00","0.00","40.00"
"215008","高苑科技大學","綠色能源應用系","1.00","0.00","0.00","0.00","0.00","33.33"
"215009","高苑科技大學","土木工程系工程技術組","1.00","0.00","0.00","0.00","0.00","53.33"
"215010","高苑科技大學","土木工程系資訊應用組","1.00","0.00","0.00","0.00","0.00","53.33"
"215011","高苑科技大學","建築系建築設計組","1.00","0.00","0.00","0.00","0.00","60.00"
"215012","高苑科技大學","建築系室內設計組","1.00","0.00","0.00","0.00","0.00","60.00"
"215013","高苑科技大學","香妝與養生保健學位學程","1.00","0.00","0.00","0.00","0.00","53.33"
"215014","高苑科技大學","綠環境設計學位學程","1.00","0.00","0.00","0.00","0.00","33.33"
"215015","高苑科技大學","文化創意設計與數位整合學位學程","1.00","0.00","0.00","0.00","0.00","46.67"
"215016","高苑科技大學","企業管理系","1.00","0.00","0.00","0.00","0.00","60.00"
"215017","高苑科技大學","行銷與流通管理系","1.00","0.00","0.00","0.00","0.00","46.67"
"215018","高苑科技大學","應用外語系英文組","1.00","0.00","0.00","0.00","0.00","66.67"
"215019","高苑科技大學","應用外語系日文組","1.00","0.00","0.00","0.00","0.00","80.00"
"215020","高苑科技大學","休閒運動管理系","1.00","0.00","0.00","0.00","0.00","40.00"
"215021","高苑科技大學","觀光事業管理系","1.00","0.00","0.00","0.00","0.00","53.33"
"215022","高苑科技大學","銀髮事業暨社會工作學士學位學程","1.00","0.00","0.00","0.00","0.00","40.00"
"215023","高苑科技大學","資訊管理系","1.00","0.00","0.00","0.00","0.00","26.67"
"215024","高苑科技大學","資訊傳播系數位媒體設計組","1.00","0.00","0.00","0.00","0.00","33.33"
"215025","高苑科技大學","資訊傳播系影視傳播設計組","1.00","0.00","0.00","0.00","0.00","33.33"
"215026","高苑科技大學","資訊科技應用系","1.00","0.00","0.00","0.00","0.00","20.00"
"215027","高苑科技大學","多媒體動畫遊戲學位學程","1.00","0.00","0.00","0.00","0.00","53.33"
"215028","高苑科技大學","行動多媒體設計學位學程","1.00","0.00","0.00","0.00","0.00","33.33"
"216001","大仁科技大學","藥學系藥學組","1.00","2.00","1.00","0.50","2.50","80.48"
"216002","大仁科技大學","藥學系臨床藥學組","1.00","2.00","1.00","0.50","2.50","83.33"
"216003","大仁科技大學","生物科技系","1.00","2.00","1.00","0.00","2.00","56.67"
"216004","大仁科技大學","食品科技系保健營養組","1.00","2.00","1.00","0.00","2.00","58.89"
"216005","大仁科技大學","食品科技系食品技術與應用組","1.00","2.00","1.00","0.00","2.00","50.00"
"216006","大仁科技大學","環境與職業安全衛生系","1.00","2.00","1.00","0.00","2.00","33.33"
"216007","大仁科技大學","寵物美容學位學程","1.00","2.00","1.00","0.00","2.00","22.22"
"216008","大仁科技大學","消防安全學士學位學程","1.00","2.00","1.00","0.00","2.00","24.44"
"216009","大仁科技大學","護理系","1.00","2.00","1.00","1.00","2.00","21.90"
"216010","大仁科技大學","資訊工程與娛樂科技系","1.00","2.00","2.00","0.00","1.00","22.22"
"216011","大仁科技大學","資訊應用與管理系","1.00","1.00","1.00","1.00","1.00","33.33"
"216012","大仁科技大學","行銷與流通管理系","2.00","2.00","2.00","1.00","1.00","36.67"
"216013","大仁科技大學","數位多媒體設計系","2.00","1.00","1.00","1.00","1.00","37.78"
"216014","大仁科技大學","休閒運動管理系","1.00","1.00","1.00","1.00","1.00","22.67"
"216015","大仁科技大學","餐旅管理系","1.00","2.00","0.00","1.00","0.00","38.33"
"216016","大仁科技大學","觀光事業系","1.00","1.00","1.00","1.00","1.00","33.33"
"216017","大仁科技大學","時尚美容應用系","2.00","1.00","0.00","1.00","0.00","35.00"
"216018","大仁科技大學","應用外語系","1.00","2.00","0.00","1.00","0.00","46.67"
"216019","大仁科技大學","幼兒保育系","2.00","1.00","0.00","2.00","0.00","46.67"
"216020","大仁科技大學","社會工作系","2.00","1.00","0.00","2.00","0.00","56.00"
"216021","大仁科技大學","電子商務創新應用學士學位學程","1.00","1.00","1.00","1.00","1.00","25.33"
"217001","聖約翰科技大學","機械與電腦輔助工程系","1.00","1.00","1.00","1.00","1.00","17.33"
"217002","聖約翰科技大學","工業工程與管理系","1.00","1.00","1.00","1.00","1.00","25.33"
"217003","聖約翰科技大學","創意設計系","1.00","0.00","0.00","0.00","1.00","56.67"
"217004","聖約翰科技大學","電子工程系","1.00","1.00","1.00","1.00","1.00","37.33"
"217005","聖約翰科技大學","電機工程系","1.00","1.00","1.00","0.00","0.00","17.78"
"217006","聖約翰科技大學","資訊工程系多媒體與網路組","1.00","1.00","1.00","1.00","1.00","36.00"
"217007","聖約翰科技大學","資訊工程系資訊科技應用組","1.00","1.00","1.00","1.00","1.00","50.67"
"217008","聖約翰科技大學","資訊與通訊系","1.00","1.00","1.00","1.00","1.00","30.67"
"217009","聖約翰科技大學","資訊管理系","1.00","0.00","1.00","0.00","0.00","50.00"
"217010","聖約翰科技大學","企業管理系","1.00","0.00","0.00","1.00","0.00","63.33"
"217011","聖約翰科技大學","行銷與流通管理系","0.00","0.00","0.00","1.00","0.00","60.00"
"217012","聖約翰科技大學","時尚經營管理系","1.00","0.00","0.00","1.00","0.00","46.67"
"217013","聖約翰科技大學","觀光與休閒管理系","1.00","0.00","0.00","1.00","0.00","60.00"
"217014","聖約翰科技大學","應用英語系","1.00","1.00","0.00","1.00","0.00","64.44"
"217015","聖約翰科技大學","數位文藝系","1.00","0.00","0.00","1.00","0.00","56.67"
"217016","聖約翰科技大學","休閒運動與健康管理系","1.00","1.00","0.00","1.50","0.00","56.19"
"217017","聖約翰科技大學","老人服務事業系","1.00","0.00","0.00","1.00","0.00","56.67"
"217018","聖約翰科技大學","多媒體設計系","1.00","1.00","0.00","1.00","0.00","55.56"
"218001","嶺東科技大學","國際企業系","1.00","0.00","0.00","0.00","0.00","46.67"
"218002","嶺東科技大學","財務金融系","1.00","0.00","0.00","0.00","0.00","13.33"
"219001","中國科技大學","土木與防災設計系（台北校區）","1.00","1.00","1.00","0.00","0.00","51.11"
"219002","中國科技大學","視覺傳達設計系（台北校區）","2.00","0.00","0.00","1.00","0.00","68.89"
"219003","中國科技大學","財務金融系（台北校區）","1.00","1.00","1.00","1.00","0.00","48.33"
"219004","中國科技大學","行銷與流通管理系（台北校區）","2.00","2.00","0.00","1.00","0.00","57.33"
"219005","中國科技大學","企業管理系（新竹校區）","2.00","1.00","0.00","1.00","0.00","36.67"
"219006","中國科技大學","行銷與流通管理系（新竹校區）","2.00","1.00","0.00","1.00","0.00","23.33"
"219007","中國科技大學","電腦與通訊系（新竹校區）","1.00","1.00","0.00","0.00","0.00","20.00"
"220001","中臺科技大學","醫學檢驗生物技術系","1.00","1.00","1.00","0.00","1.50","66.67"
"220002","中臺科技大學","醫學影像暨放射科學系","1.00","2.00","2.00","0.00","0.00","60.00"
"220003","中臺科技大學","醫療暨健康產業管理系","3.00","1.00","1.00","1.00","1.00","59.05"
"220004","中臺科技大學","護理系（公費生）","1.00","1.00","1.00","0.00","1.00","65.00"
"220005","中臺科技大學","護理系","1.00","1.00","1.00","0.00","1.00","60.00"
"220006","中臺科技大學","牙體技術暨材料系","1.00","1.50","1.00","0.00","0.00","61.90"
"220007","中臺科技大學","食品科技系","1.00","1.00","2.00","0.00","2.00","54.44"
"220008","中臺科技大學","兒童教育暨事業經營系","2.00","1.00","0.00","1.00","0.00","51.67"
"220009","中臺科技大學","資訊管理系","3.00","0.00","0.00","0.00","0.00","66.67"
"220010","中臺科技大學","環境與安全衛生工程系","1.00","1.00","1.00","0.00","1.00","50.00"
"220011","中臺科技大學","視光系","1.00","2.00","1.00","0.00","2.00","55.56"
"220012","中臺科技大學","老人照顧系","1.00","2.00","1.00","0.00","1.00","44.00"
"220013","中臺科技大學","應用外語系","2.00","2.00","1.00","0.00","0.00","61.33"
"221001","台南應用科技大學","服飾設計管理系","1.00","1.00","0.00","0.00","0.00","43.33"
"221002","台南應用科技大學","運動休閒與健康管理系","1.00","1.00","0.00","0.00","0.00","60.00"
"221003","台南應用科技大學","美術系","1.00","1.00","0.00","0.00","0.00","16.67"
"221004","台南應用科技大學","舞蹈系","1.00","1.00","0.00","0.00","0.00","30.00"
"221005","台南應用科技大學","流行音樂學士學位學程","1.00","1.00","0.00","0.00","0.00","60.00"
"221006","台南應用科技大學","旅館管理系","1.00","2.00","1.00","1.00","0.00","45.33"
"222001","遠東科技大學","機械工程系","1.00","0.00","0.00","0.00","0.00","26.67"
"222002","遠東科技大學","自動化控制系","1.00","0.00","0.00","0.00","0.00","13.33"
"222003","遠東科技大學","材料與能源工程系材料應用組","1.00","0.00","0.00","0.00","0.00","26.67"
"222004","遠東科技大學","材料與能源工程系車輛能源動力組","1.00","0.00","0.00","0.00","0.00","20.00"
"222005","遠東科技大學","資訊工程系","1.00","0.00","0.00","0.00","0.00","40.00"
"222006","遠東科技大學","電機工程系","1.00","0.00","0.00","0.00","0.00","33.33"
"222007","遠東科技大學","數位媒體設計與管理系","1.00","0.00","0.00","0.00","0.00","26.67"
"222008","遠東科技大學","創新設計與創業管理系","1.00","0.00","0.00","0.00","0.00","53.33"
"222009","遠東科技大學","創意商品設計與管理系","1.00","0.00","0.00","0.00","0.00","60.00"
"222010","遠東科技大學","資訊管理系管理應用組","1.00","0.00","0.00","0.00","0.00","53.33"
"222011","遠東科技大學","資訊管理系數位生活組","1.00","0.00","0.00","0.00","0.00","33.33"
"222012","遠東科技大學","行銷與流通管理系","1.00","0.00","0.00","0.00","0.00","60.00"
"222013","遠東科技大學","多媒體與遊戲發展管理系","1.00","0.00","0.00","0.00","0.00","53.33"
"222014","遠東科技大學","餐飲管理系","2.00","1.00","1.00","0.00","0.00","41.67"
"222015","遠東科技大學","餐飲管理系廚藝組","2.00","1.00","1.00","0.00","0.00","45.00"
"222016","遠東科技大學","化妝品應用與管理系","2.00","2.00","0.00","2.00","2.00","38.33"
"222017","遠東科技大學","休閒運動管理系休閒產業組","1.00","1.00","0.00","0.00","0.00","43.33"
"222018","遠東科技大學","旅遊事業管理系旅遊經營組","1.00","0.00","0.00","1.00","0.00","53.33"
"223001","元培醫事科技大學","醫學影像暨放射技術系","1.00","1.50","1.50","0.00","1.50","53.94"
"223002","元培醫事科技大學","醫務管理系","2.00","1.00","0.00","2.00","1.00","52.22"
"223003","元培醫事科技大學","醫學檢驗生物技術系","1.00","1.00","1.00","0.00","1.00","51.67"
"223004","元培醫事科技大學","護理系","1.00","1.00","1.00","1.00","1.00","53.33"
"223005","元培醫事科技大學","生物醫學工程系","1.00","1.00","1.00","0.00","1.00","38.33"
"223006","元培醫事科技大學","視光系","1.00","1.00","1.00","0.00","1.00","43.33"
"223007","元培醫事科技大學","環境工程衛生系","2.00","1.00","2.00","1.00","2.00","28.33"
"223008","元培醫事科技大學","食品科學系","1.00","1.00","1.00","0.00","1.00","41.67"
"223009","元培醫事科技大學","生物科技暨製藥技術系","1.00","1.00","1.00","0.00","1.00","30.00"
"224001","景文科技大學","行銷與流通管理系","1.00","0.00","0.00","1.00","0.00","66.67"
"224002","景文科技大學","國際貿易系","1.00","0.00","0.00","1.00","0.00","66.67"
"224003","景文科技大學","資訊管理系資訊管理組","1.00","0.00","0.00","1.00","0.00","56.67"
"224004","景文科技大學","資訊管理系數位多媒體組","1.00","0.00","0.00","1.00","0.00","53.33"
"224005","景文科技大學","理財與稅務規劃系","1.00","0.00","0.00","1.00","0.00","33.33"
"224006","景文科技大學","財務金融系","1.00","0.00","0.00","1.00","0.00","43.33"
"224007","景文科技大學","電子工程系","1.00","1.00","1.50","0.00","0.00","15.24"
"224008","景文科技大學","環境科技與物業管理系","1.00","1.00","1.00","0.00","0.00","35.56"
"225001","中華醫事科技大學","食品營養系營養組","1.00","2.00","1.00","1.00","3.00","62.50"
"225002","中華醫事科技大學","醫學檢驗生物技術系","1.00","1.00","1.00","1.00","1.00","68.00"
"225003","中華醫事科技大學","環境與安全衛生工程系","1.00","3.00","2.00","1.00","3.00","24.67"
"225004","中華醫事科技大學","幼兒保育系","1.00","1.00","1.00","1.00","1.00","42.67"
"225005","中華醫事科技大學","護理系","2.00","2.00","1.00","1.00","2.00","52.50"
"225006","中華醫事科技大學","運動健康與休閒系","1.00","0.00","0.00","1.00","0.00","63.33"
"225007","中華醫事科技大學","視光系","1.00","1.00","1.00","1.00","2.00","48.89"
"225008","中華醫事科技大學","製劑製造工程系","1.00","2.00","1.00","1.00","3.00","54.17"
"225009","中華醫事科技大學","長期照顧系","1.00","2.00","1.00","1.00","2.00","51.43"
"225010","中華醫事科技大學","寵物美容學士學位學程","1.00","1.00","1.00","1.00","1.00","38.67"
"226001","東南科技大學","工程與電資學院專班","1.00","1.00","1.20","1.00","1.10","17.23"
"226002","東南科技大學","管理學院專班","1.00","1.00","1.00","1.00","1.00","21.33"
"226003","東南科技大學","觀餐休閒學院專班","1.00","1.00","1.00","1.00","1.00","17.33"
"226004","東南科技大學","創新設計學院專班","1.00","1.00","1.00","1.00","1.00","20.00"
"227001","德明財經科技大學","會計資訊系","1.00","0.00","0.00","0.00","0.00","66.67"
"227002","德明財經科技大學","財政稅務系","1.00","0.00","0.00","0.00","0.00","66.67"
"227003","德明財經科技大學","不動產投資與經營學位學程","1.00","0.00","0.00","0.00","0.00","53.33"
"227004","德明財經科技大學","保險金融管理系風險管理與保險組","1.00","0.00","0.00","0.00","0.00","60.00"
"227005","德明財經科技大學","流通管理系","1.00","0.00","0.00","0.00","0.00","66.67"
"227006","德明財經科技大學","資訊管理系","1.00","0.00","0.00","0.00","0.00","66.67"
"227007","德明財經科技大學","資訊科技系","1.00","1.00","1.00","0.00","0.00","31.11"
"228001","南開科技大學","自動化工程系","1.00","1.00","1.00","1.00","1.00","32.00"
"228002","南開科技大學","機械工程系","1.00","1.00","1.00","1.00","1.00","33.33"
"228003","南開科技大學","機械工程系車輛組","1.00","1.00","1.00","1.00","1.00","21.33"
"228004","南開科技大學","工業管理系","1.00","1.00","1.00","1.00","1.00","30.67"
"228005","南開科技大學","電機與資訊技術系","1.00","1.00","1.00","1.00","1.00","26.67"
"228006","南開科技大學","電機與資訊技術系綠色能源與休閒創意組","1.00","1.00","1.00","1.00","1.00","41.33"
"228007","南開科技大學","電子工程系應用電子組","1.00","1.00","1.00","1.00","1.00","34.67"
"228008","南開科技大學","電子工程系電腦遊戲設計組","1.00","1.00","1.00","1.00","1.00","30.67"
"228009","南開科技大學","多媒體動畫應用系","1.00","1.00","1.00","1.00","1.00","36.00"
"228010","南開科技大學","行銷與流通管理系","1.00","1.00","1.00","1.00","1.00","42.67"
"228011","南開科技大學","資訊管理系","1.00","1.00","1.00","1.00","1.00","24.00"
"228012","南開科技大學","數位旅遊管理系","1.00","1.00","1.00","1.00","1.00","24.00"
"228013","南開科技大學","休閒事業管理系","1.00","1.00","1.00","1.00","1.00","32.00"
"228014","南開科技大學","數位生活創意系","1.00","1.00","1.00","1.00","1.00","28.00"
"228015","南開科技大學","餐飲管理系","1.00","1.00","1.00","1.00","1.00","44.00"
"228016","南開科技大學","文化創意與設計系","1.00","1.00","1.00","1.00","1.00","40.00"
"228017","南開科技大學","應用外語系","1.00","1.00","1.00","1.00","1.00","50.67"
"228018","南開科技大學","福祉科技與服務管理系","1.00","1.00","1.00","1.00","1.00","42.67"
"229001","中華科技大學","機械工程系（台北校區）","1.00","0.00","1.00","0.00","0.00","43.33"
"229002","中華科技大學","電機工程系（台北校區）","1.00","0.00","0.00","0.00","0.00","46.67"
"229003","中華科技大學","遊戲系統創新設計系（台北校區）","1.00","0.00","0.00","0.00","0.00","60.00"
"229004","中華科技大學","電子工程系（台北校區）","1.00","0.00","0.00","0.00","0.00","40.00"
"229005","中華科技大學","建築系建築科技組（台北校區）","1.00","1.00","0.00","0.00","0.00","53.33"
"229006","中華科技大學","建築系室內設計組（台北校區）","1.00","1.00","0.00","0.00","0.00","63.33"
"229007","中華科技大學","建築系視覺傳達創意設計組（台北校區）","1.00","1.00","0.00","0.00","0.00","56.67"
"229008","中華科技大學","企業管理系（台北校區）","1.00","0.00","0.00","0.00","0.00","60.00"
"229009","中華科技大學","國際商務與行銷系（台北校區）","1.00","0.00","0.00","0.00","0.00","66.67"
"229010","中華科技大學","財務金融系財富管理組（台北校區）","1.00","1.00","0.00","0.00","0.00","53.33"
"229011","中華科技大學","財務金融系服務行銷組（台北校區）","1.00","1.00","0.00","0.00","0.00","46.67"
"229012","中華科技大學","資訊管理系（台北校區）","1.00","0.00","0.00","0.00","0.00","53.33"
"229013","中華科技大學","文創與數位多媒體系（台北校區）","1.00","0.00","0.00","0.00","0.00","66.67"
"229014","中華科技大學","食品科學系食品保健科技組（台北校區）","1.00","0.00","0.00","0.00","0.00","66.67"
"229015","中華科技大學","食品科學系加工與醱酵烘焙組（台北校區）","1.00","0.00","0.00","0.00","0.00","60.00"
"229016","中華科技大學","生物科技系生物科技組（台北校區）","1.00","0.00","0.00","0.00","0.00","73.33"
"229017","中華科技大學","生物科技系化妝品生技組（台北校區）","1.00","0.00","0.00","0.00","0.00","66.67"
"229018","中華科技大學","餐飲管理系（台北校區）","1.00","0.00","0.00","0.00","0.00","73.33"
"229019","中華科技大學","航空機械系（新竹校區）","1.00","2.00","2.00","1.00","2.00","51.67"
"229020","中華科技大學","航空電子系（新竹校區）","1.00","2.00","1.00","1.00","2.00","50.48"
"229021","中華科技大學","航空服務管理系（新竹校區）","1.00","2.00","1.00","1.00","0.00","52.00"
"229022","中華科技大學","觀光餐旅系（新竹校區）","1.00","2.00","1.00","0.00","0.00","43.33"
"230001","僑光科技大學","觀光與休閒事業管理系","1.00","1.00","1.00","2.00","1.00","46.67"
"230002","僑光科技大學","多媒體與遊戲設計系","2.00","2.00","2.00","0.00","0.00","42.22"
"231001","育達科技大學","資訊管理系","1.00","1.00","1.00","0.00","0.00","33.33"
"231002","育達科技大學","行銷與流通管理系","1.00","0.00","0.00","1.00","0.00","33.33"
"231003","育達科技大學","應用日語系","1.00","0.00","0.00","0.00","0.00","46.67"
"231004","育達科技大學","幼兒保育系","1.00","0.00","0.00","1.00","0.00","43.33"
"231005","育達科技大學","健康照顧社會工作系","1.00","0.00","0.00","1.00","0.00","26.67"
"231006","育達科技大學","休閒事業管理系觀光旅遊組","1.00","0.00","0.00","0.00","0.00","33.33"
"231007","育達科技大學","休閒事業管理系休閒餐飲組","1.00","0.00","0.00","0.00","0.00","46.67"
"231008","育達科技大學","休閒運動管理系","1.00","0.00","0.00","0.00","0.00","26.67"
"231009","育達科技大學","餐旅經營系","1.00","0.00","0.00","0.00","0.00","20.00"
"231010","育達科技大學","多媒體與遊戲設計系遊戲開發組","1.00","0.00","0.00","1.00","0.00","33.33"
"231011","育達科技大學","多媒體與遊戲設計系視覺設計組","1.00","1.00","0.00","0.00","0.00","36.67"
"231012","育達科技大學","時尚造型設計系整體造型組","1.00","1.00","0.00","0.00","0.00","53.33"
"231013","育達科技大學","時尚造型設計系流行設計組","1.00","1.00","0.00","0.00","0.00","50.00"
"232001","美和科技大學","護理系","1.00","1.00","1.00","1.00","1.00","38.67"
"232002","美和科技大學","健康事業管理系","1.00","2.00","1.00","1.00","2.00","32.38"
"232003","美和科技大學","美容系保健造型設計組","2.00","1.00","1.00","1.00","2.00","34.29"
"232004","美和科技大學","美容系寵物美容設計組","2.00","1.00","1.00","1.00","2.00","28.57"
"232005","美和科技大學","生物科技系","2.00","1.00","1.00","1.00","2.00","45.71"
"232006","美和科技大學","食品營養系","1.00","2.00","1.00","1.00","2.00","48.57"
"232007","美和科技大學","資訊科技系","2.00","1.00","1.00","1.00","2.00","24.76"
"232008","美和科技大學","財務金融系","2.00","2.00","1.00","1.00","1.00","27.62"
"232009","美和科技大學","企業管理系","1.00","1.00","1.00","1.00","1.00","40.00"
"232010","美和科技大學","資訊管理系","1.00","2.00","2.00","1.00","1.00","22.86"
"232011","美和科技大學","文化創意系","2.00","1.00","1.00","1.00","2.00","33.33"
"232012","美和科技大學","運動與休閒系","1.00","1.00","1.00","1.00","1.00","36.00"
"232013","美和科技大學","社會工作系","1.00","1.00","1.00","1.00","1.00","50.67"
"232014","美和科技大學","餐旅管理系","2.00","2.00","0.00","2.00","1.00","35.24"
"232015","美和科技大學","觀光系","2.00","2.00","1.00","1.00","1.00","37.14"
"233001","吳鳳科技大學","電機工程系","1.00","1.00","1.00","0.00","1.00","23.33"
"233002","吳鳳科技大學","消防系","1.00","1.00","1.00","0.00","0.00","15.56"
"233003","吳鳳科技大學","安全科技與管理系","1.00","1.00","0.00","1.00","0.00","26.67"
"233004","吳鳳科技大學","資訊工程系","1.00","1.00","1.00","0.00","0.00","20.00"
"233005","吳鳳科技大學","行銷與流通管理系","1.00","1.00","1.00","0.00","0.00","24.44"
"233006","吳鳳科技大學","應用數位媒體系視覺傳達設計組","1.00","1.00","0.00","1.00","0.00","31.11"
"233007","吳鳳科技大學","餐旅管理系","1.00","1.50","1.00","0.00","0.00","15.24"
"233008","吳鳳科技大學","應用日語系","1.00","1.00","0.00","0.00","0.00","30.00"
"233009","吳鳳科技大學","休閒遊憩與運動管理系","1.00","1.00","1.00","1.00","1.00","32.00"
"233010","吳鳳科技大學","美容美髮造型設計系","1.00","1.00","1.00","1.00","1.00","24.00"
"233011","吳鳳科技大學","長期照護系","1.00","1.00","1.00","0.00","0.00","20.00"
"234001","環球科技大學","行銷管理系","1.00","0.00","0.00","1.00","0.00","30.00"
"234002","環球科技大學","視覺傳達設計系","1.00","1.00","0.00","0.00","0.00","20.00"
"234003","環球科技大學","創意商品設計系","1.00","1.00","0.00","0.00","0.00","43.33"
"234004","環球科技大學","多媒體動畫設計系","1.00","0.00","0.00","0.00","0.00","26.67"
"234005","環球科技大學","美容造型設計系","1.00","1.00","0.00","0.00","0.00","33.33"
"234006","環球科技大學","創意公共傳播設計系","1.00","0.00","0.00","1.00","0.00","30.00"
"234007","環球科技大學","觀光與生態旅遊系","0.00","1.00","0.00","0.00","1.00","16.67"
"234008","環球科技大學","觀光與餐飲旅館系","1.00","1.00","0.00","1.00","0.00","24.44"
"234009","環球科技大學","餐飲廚藝系","1.00","1.00","0.00","1.00","0.00","44.44"
"234010","環球科技大學","應用外語系","1.00","1.00","0.00","0.00","0.00","36.67"
"234011","環球科技大學","幼兒保育系","1.00","0.00","0.00","1.00","0.00","46.67"
"234012","環球科技大學","運動保健與防護系","1.00","0.00","0.00","1.00","0.00","46.67"
"234013","環球科技大學","生物技術系","1.00","0.00","1.00","0.00","1.00","44.44"
"235001","中州科技大學","多媒體與遊戲發展科學系","1.50","1.50","1.00","1.00","1.00","30.56"
"235002","中州科技大學","行銷與流通管理系","2.00","1.00","1.00","2.00","1.00","39.05"
"235003","中州科技大學","資訊管理系","1.00","0.00","0.00","0.00","0.00","40.00"
"235004","中州科技大學","觀光與休閒管理系","1.50","1.50","0.00","1.50","0.00","46.67"
"235005","中州科技大學","時尚創意設計與管理系","1.00","1.00","0.00","1.00","0.00","28.89"
"235006","中州科技大學","視訊傳播系","2.00","1.00","0.00","2.00","0.00","30.67"
"235007","中州科技大學","餐旅事業管理系","1.50","1.50","0.00","1.50","0.00","44.44"
"235008","中州科技大學","保健食品系","1.00","2.00","1.00","1.00","1.00","20.00"
"235009","中州科技大學","幼兒保育系","1.50","1.50","0.50","1.50","0.00","42.67"
"235010","中州科技大學","景觀系","1.00","1.50","1.50","1.50","1.50","21.90"
"235011","中州科技大學","餐飲廚藝系","1.00","0.00","0.00","1.00","0.00","50.00"
"235012","中州科技大學","運動與健康促進系","1.50","1.50","0.50","1.00","1.00","20.00"
"236001","修平科技大學","機械工程系","1.00","2.00","2.00","1.00","2.00","39.17"
"236002","修平科技大學","工業工程與管理系","1.00","1.00","1.00","0.00","0.00","40.00"
"236003","修平科技大學","資訊管理系","2.00","3.00","3.00","1.00","1.00","39.33"
"236004","修平科技大學","國際企業經營系","1.00","1.00","1.00","0.00","0.00","40.00"
"236005","修平科技大學","國際企業經營系國際會展與觀光休閒組","1.00","1.00","1.00","0.00","0.00","37.78"
"236006","修平科技大學","應用財務金融系","1.00","1.00","1.00","0.00","0.00","44.44"
"236007","修平科技大學","人力資源管理與發展系","1.00","1.00","0.00","0.00","0.00","30.00"
"236008","修平科技大學","行銷與流通管理系","1.00","1.00","1.00","1.00","0.00","38.33"
"236009","修平科技大學","行銷與流通管理系休閒事業組","1.00","1.00","1.00","1.00","0.00","38.33"
"236010","修平科技大學","應用英語系","1.00","2.00","0.00","0.00","0.00","55.56"
"236011","修平科技大學","數位媒體設計系","1.00","2.00","1.00","0.00","0.00","40.00"
"236012","修平科技大學","觀光與遊憩管理系","1.00","1.00","0.00","1.00","0.00","44.44"
"237001","長庚學校財團法人長庚科技大學","護理系（林口校區）","2.00","2.00","1.50","1.00","1.00","49.78"
"237002","長庚學校財團法人長庚科技大學","護理系（林口校區）偏鄉護理菁英計畫公費生","2.00","2.00","1.50","1.00","1.00","70.67"
"237003","長庚學校財團法人長庚科技大學","護理系（嘉義校區）","2.00","2.00","1.50","1.00","1.00","18.67"
"237004","長庚學校財團法人長庚科技大學","幼兒保育系（林口校區）","2.00","2.00","1.50","1.00","1.00","53.78"
"237005","長庚學校財團法人長庚科技大學","保健營養系（林口校區）","1.00","2.00","1.00","1.00","2.00","76.19"
"238001","大華科技大學","工業工程與管理系","1.00","1.00","1.00","0.00","0.00","28.89"
"238002","大華科技大學","創意設計學位學程","1.00","1.00","1.00","0.00","0.00","31.11"
"238003","大華科技大學","機電工程系","1.00","1.00","1.00","0.00","0.00","22.22"
"238004","大華科技大學","電機與電子工程系","1.00","1.00","1.00","0.00","0.00","24.44"
"238005","大華科技大學","資訊管理系","1.00","1.00","1.00","0.00","0.00","33.33"
"238006","大華科技大學","運動與健康促進系","1.00","1.00","1.00","0.00","0.00","20.00"
"238007","大華科技大學","商務與觀光企劃系","1.00","1.00","1.00","0.00","0.00","22.22"
"238008","大華科技大學","觀光管理系","1.00","1.00","1.00","0.00","0.00","22.22"
"238009","大華科技大學","觀光管理系餐飲與烘焙組","1.00","1.00","1.00","0.00","0.00","20.00"
"238010","大華科技大學","餐飲管理系","1.00","1.00","1.00","0.00","0.00","28.89"
"239001","臺北城市科技大學","機械工程系","1.00","1.00","1.00","0.00","0.00","33.33"
"239002","臺北城市科技大學","機械工程系車輛組","1.00","1.00","1.00","0.00","0.00","33.33"
"239003","臺北城市科技大學","電機工程系","1.00","1.00","1.00","0.00","0.00","33.33"
"239004","臺北城市科技大學","資訊工程系","1.00","1.00","1.00","0.00","0.00","42.22"
"239005","臺北城市科技大學","電腦與通訊工程系","1.00","1.00","1.00","0.00","0.00","33.33"
"239006","臺北城市科技大學","資訊管理系","1.00","1.00","1.00","0.00","0.00","44.44"
"239007","臺北城市科技大學","餐飲管理系","1.00","1.00","0.00","1.00","0.00","62.22"
"239008","臺北城市科技大學","化妝品應用與管理系","1.00","1.00","0.00","1.00","0.00","57.78"
"239009","臺北城市科技大學","演藝事業學士學位學程","1.00","1.00","0.00","1.00","0.00","57.78"
"239010","臺北城市科技大學","旅館事業管理學士學位學程","1.00","1.00","0.00","1.00","0.00","60.00"
"239011","臺北城市科技大學","烘焙創意與經營管理學士學位學程","1.00","1.00","0.00","1.00","0.00","57.78"
"239012","臺北城市科技大學","流行音樂事業學士學位學程","1.00","1.00","0.00","1.00","0.00","57.78"
"240001","醒吾科技大學","理財經營管理系","1.00","0.00","0.00","1.00","0.00","60.00"
"240002","醒吾科技大學","財務金融系","1.00","0.00","0.00","1.00","0.00","56.67"
"240003","醒吾科技大學","餐旅管理系","1.00","0.00","0.00","1.00","0.00","66.67"
"240004","醒吾科技大學","旅運管理系","1.00","0.00","0.00","1.00","0.00","56.67"
"240005","醒吾科技大學","應用英語系","1.00","2.00","0.00","0.00","0.00","60.00"
"240006","醒吾科技大學","商業設計系","1.00","1.00","0.00","1.00","0.00","60.00"
"240007","醒吾科技大學","時尚造形設計系","1.00","1.00","0.00","1.00","0.00","57.78"
"240008","醒吾科技大學","數位設計系","1.00","1.00","0.00","0.00","0.00","56.67"
"241001","文藻外語大學","英國語文系","6.00","15.00","1.00","1.00","1.00","76.94"
"241002","文藻外語大學","法國語文系","10.00","10.00","1.00","1.00","1.00","64.93"
"241003","文藻外語大學","德國語文系","10.00","15.00","1.00","1.00","1.00","50.24"
"241004","文藻外語大學","西班牙語文系","6.00","10.00","1.00","1.00","1.00","34.39"
"241005","文藻外語大學","日本語文系","6.00","10.00","1.00","1.00","1.00","60.35"
"241006","文藻外語大學","應用華語文系","10.00","10.00","2.00","2.00","1.00","35.73"
"241007","文藻外語大學","外語教學系","9.00","15.00","1.00","1.00","1.00","47.65"
"241008","文藻外語大學","翻譯系","10.00","20.00","1.00","1.00","1.00","80.00"
"241009","文藻外語大學","國際事務系","5.00","20.00","1.00","10.00","1.00","46.67"
"241010","文藻外語大學","國際企業管理系","10.00","20.00","5.00","5.00","1.00","71.22"
"241011","文藻外語大學","數位內容應用與管理系","6.00","10.00","5.00","1.00","1.00","61.74"
"241012","文藻外語大學","傳播藝術系","10.00","10.00","1.00","5.00","1.00","64.20"
"242001","南榮科技大學","電機工程系","1.00","2.00","2.00","1.00","1.00","22.86"
"242002","南榮科技大學","機械工程系","1.00","1.00","1.00","1.00","1.00","21.33"
"242003","南榮科技大學","營建工程系","1.00","1.00","1.00","1.00","1.00","21.33"
"242004","南榮科技大學","資訊科技系","1.00","1.00","1.00","1.00","1.00","21.33"
"242005","南榮科技大學","數位行銷與廣告系","1.00","1.00","1.00","1.00","1.00","29.33"
"242006","南榮科技大學","創意產品設計系","1.00","1.00","1.00","1.00","1.00","25.33"
"242007","南榮科技大學","室內設計系","1.00","1.00","1.00","1.00","1.00","26.67"
"242008","南榮科技大學","觀光系","1.00","2.00","1.00","1.00","1.00","24.44"
"242009","南榮科技大學","應用日語系","1.00","1.00","1.00","1.00","1.00","22.67"
"242010","南榮科技大學","餐旅管理系","1.00","1.00","1.00","1.00","1.00","25.33"
"242011","南榮科技大學","美容造型設計系","1.00","1.00","1.00","1.00","1.00","22.67"
"242012","南榮科技大學","休閒運動管理系","1.00","1.00","1.00","1.00","1.00","26.67"
"242013","南榮科技大學","企業管理系","1.00","1.00","1.00","1.00","1.00","33.33"
"242014","南榮科技大學","資訊管理系","1.00","1.00","1.00","1.00","1.00","22.67"
"243001","華夏科技大學","電子工程系手持裝置APP設計組","1.00","1.00","1.00","1.00","1.00","37.33"
"243002","華夏科技大學","機械工程系","1.00","1.00","1.00","1.00","1.00","46.67"
"243003","華夏科技大學","電機工程系","1.00","1.00","1.00","1.00","1.00","26.67"
"243004","華夏科技大學","資訊工程系","1.50","1.50","1.50","1.00","1.00","45.64"
"243005","華夏科技大學","資訊管理系","1.00","1.00","1.00","1.00","1.00","45.33"
"243006","華夏科技大學","資產與物業管理系","1.00","1.00","1.00","1.00","1.00","30.67"
"243007","華夏科技大學","企業管理系","1.00","1.00","1.00","1.00","1.00","48.00"
"243008","華夏科技大學","建築系","1.00","1.00","1.00","1.00","1.00","58.67"
"243009","華夏科技大學","數位媒體設計系","1.00","1.00","1.00","1.00","1.00","52.00"
"243010","華夏科技大學","室內設計系","1.00","1.00","1.00","1.00","1.00","56.00"
"243011","華夏科技大學","化妝品應用系","1.00","1.00","1.00","1.00","1.00","49.33"
"244001","慈濟學校財團法人慈濟科技大學","行銷與流通管理系","1.00","1.00","1.00","1.00","1.00","45.33"
"244002","慈濟學校財團法人慈濟科技大學","醫學影像暨放射科學系","1.00","2.00","2.00","1.00","2.00","67.50"
"244003","慈濟學校財團法人慈濟科技大學","醫務管理系","1.00","2.00","1.00","1.00","1.00","54.44"
"244004","慈濟學校財團法人慈濟科技大學","資訊科技與管理系資訊科技組","1.00","2.00","2.00","1.00","2.00","36.67"
"244005","慈濟學校財團法人慈濟科技大學","資訊科技與管理系資訊管理組","1.00","2.00","2.00","1.00","2.00","36.67"
"244006","慈濟學校財團法人慈濟科技大學","護理系","1.00","2.00","1.00","1.00","1.00","43.33"
"244007","慈濟學校財團法人慈濟科技大學","護理系（公費生）","1.00","1.00","1.00","1.00","1.00","62.67"
"245001","致理科技大學","企業管理系","1.00","0.00","0.00","0.00","0.00","73.33"
"245002","致理科技大學","財務金融系","1.00","0.00","0.00","0.00","0.00","73.33"
"245003","致理科技大學","會計資訊系","1.00","0.00","0.00","0.00","0.00","73.33"
"245004","致理科技大學","行銷與流通管理系","1.00","0.00","0.00","0.00","0.00","73.33"
"245005","致理科技大學","休閒遊憩管理系","1.00","0.00","0.00","0.00","0.00","80.00"
"245006","致理科技大學","國際貿易系","1.00","0.00","0.00","0.00","0.00","73.33"
"245007","致理科技大學","應用日語系","1.00","0.00","0.00","0.00","0.00","86.67"
"245008","致理科技大學","資訊管理系","1.00","0.00","0.00","0.00","0.00","53.33"
"245009","致理科技大學","商務科技管理系","1.00","0.00","0.00","0.00","0.00","66.67"
"245010","致理科技大學","多媒體設計系","1.00","0.00","0.00","0.00","0.00","80.00"
"403001","大漢技術學院","土木工程與環境資源管理系","1.00","1.00","1.00","0.00","0.00","24.44"
"403002","大漢技術學院","珠寶技術系","1.00","1.00","1.00","0.00","0.00","20.00"
"403003","大漢技術學院","機械工程系","1.00","1.00","1.00","0.00","0.00","20.00"
"403004","大漢技術學院","流通與行銷管理系","1.00","1.00","1.00","0.00","0.00","15.56"
"403005","大漢技術學院","觀光與餐飲旅館系","1.00","1.00","1.00","0.00","0.00","26.67"
"403006","大漢技術學院","休閒與運動管理系","1.00","1.00","1.00","0.00","0.00","20.00"
"406001","和春技術學院","工業工程與管理系","1.00","1.00","1.00","0.00","0.00","31.11"
"406002","和春技術學院","企業管理系","1.00","1.00","1.00","0.00","0.00","28.89"
"406003","和春技術學院","多媒體設計系","1.00","1.00","1.00","1.00","1.00","28.00"
"406004","和春技術學院","行銷與流通管理系","1.00","1.00","1.00","0.00","0.00","24.44"
"406006","和春技術學院","流行時尚造型設計系","1.00","1.00","0.00","0.00","0.00","26.67"
"406007","和春技術學院","財務金融系財富管理組","2.00","2.00","1.00","2.00","1.00","36.67"
"406008","和春技術學院","財務金融系商務財會組","2.00","2.00","1.00","2.00","1.00","40.00"
"406009","和春技術學院","商品設計系","2.00","1.00","0.00","0.00","0.00","35.56"
"406010","和春技術學院","傳播藝術系","2.00","1.00","1.00","1.00","1.00","30.00"
"406011","和春技術學院","資訊工程系資訊與多媒體應用組","1.00","1.00","1.00","0.00","0.00","26.67"
"406012","和春技術學院","資訊工程系數位生活科技組","1.00","1.00","1.00","0.00","0.00","62.22"
"406013","和春技術學院","資訊管理系","2.00","2.00","2.00","0.00","0.00","26.67"
"406014","和春技術學院","電機工程系水電工程專業技術組","1.00","1.00","1.00","0.00","0.00","26.67"
"406015","和春技術學院","電機工程系機電自動化組","1.00","1.00","1.00","0.00","0.00","24.44"
"406016","和春技術學院","餐飲管理系","1.00","1.00","1.00","0.00","0.00","17.78"
"406017","和春技術學院","應用外語系日語商務組","1.00","1.00","0.00","1.00","0.00","46.67"
"406018","和春技術學院","應用外語系英語商務組","1.00","1.00","0.00","1.00","0.00","33.33"
"406019","和春技術學院","觀光與休閒事業管理系","1.00","1.00","1.00","0.00","0.00","31.11"
"410001","亞東技術學院","材料與纖維系材料應用科技組","1.00","2.00","1.00","1.00","2.00","28.57"
"410002","亞東技術學院","機械工程系汽車組","1.00","2.00","2.00","1.00","1.50","49.33"
"410003","亞東技術學院","電子工程系","1.00","2.00","2.00","1.00","1.50","54.67"
"410004","亞東技術學院","工業管理系","1.00","2.00","2.00","1.00","1.00","45.71"
"410005","亞東技術學院","工商業設計系","2.00","2.00","1.00","1.00","1.00","57.14"
"410006","亞東技術學院","通訊工程系","1.00","2.00","2.00","1.00","2.00","50.00"
"410007","亞東技術學院","資訊管理系","1.00","1.50","1.50","1.00","1.00","51.67"
"410008","亞東技術學院","行銷與流通管理系","2.00","2.00","1.00","1.00","1.00","59.05"
"411001","桃園創新技術學院","創意流行時尚設計系","1.00","1.00","1.00","1.00","1.00","20.00"
"411002","桃園創新技術學院","機械工程系","1.00","1.00","1.00","1.00","1.00","17.33"
"411003","桃園創新技術學院","機械工程系車輛工程組","1.00","1.00","1.00","1.00","1.00","25.33"
"411004","桃園創新技術學院","化妝品應用系","2.00","1.00","1.00","1.00","1.00","21.11"
"411005","桃園創新技術學院","環境科技與管理系","1.00","1.00","1.00","1.00","1.00","21.33"
"411006","桃園創新技術學院","資訊管理系","1.00","1.00","1.00","1.00","1.00","20.00"
"411007","桃園創新技術學院","幼兒保育系","2.00","1.00","1.00","2.00","1.00","32.38"
"411008","桃園創新技術學院","資訊工程系","1.00","1.00","1.00","0.00","0.00","20.00"
"411009","桃園創新技術學院","行銷與流通管理系","20.00","1.00","1.00","10.00","1.00","30.10"
"411010","桃園創新技術學院","餐飲廚藝管理系","2.00","2.00","1.00","2.00","1.00","18.33"
"411011","桃園創新技術學院","餐旅管理系","2.00","2.00","1.00","2.00","1.00","21.67"
"412001","德霖技術學院","土木工程系","1.00","1.00","1.00","0.00","0.00","17.78"
"412002","德霖技術學院","電子工程系","1.00","1.00","1.00","0.00","0.00","24.44"
"412003","德霖技術學院","資訊工程系","1.00","1.00","1.00","0.00","0.00","40.00"
"412004","德霖技術學院","電腦與通訊工程系","1.00","2.00","2.00","0.00","0.00","22.67"
"412005","德霖技術學院","機械工程系","1.00","1.00","1.00","0.00","0.00","35.56"
"412006","德霖技術學院","創意產品設計系","2.00","2.00","1.00","0.00","0.00","50.67"
"412007","德霖技術學院","室內設計系","1.00","1.00","0.00","0.00","0.00","46.67"
"412008","德霖技術學院","企業管理系","2.00","2.00","0.00","0.00","0.00","36.67"
"412009","德霖技術學院","會展與觀光系","1.00","1.00","0.00","0.00","0.00","53.33"
"412010","德霖技術學院","應用英語系","1.00","2.00","1.00","0.00","0.00","51.67"
"412011","德霖技術學院","餐旅管理系","1.00","1.00","1.00","0.00","0.00","44.44"
"412012","德霖技術學院","餐飲廚藝系","1.00","1.00","1.00","0.00","0.00","42.22"
"412013","德霖技術學院","休閒事業管理系","2.00","2.00","1.00","2.00","1.00","44.17"
"412014","德霖技術學院","不動產經營系","1.00","1.00","1.00","0.00","0.00","31.11"
"414001","蘭陽技術學院","時尚美容設計系","2.00","1.00","0.00","1.00","1.00","37.33"
"414002","蘭陽技術學院","室內設計系","1.00","1.00","0.00","1.00","1.00","33.33"
"414003","蘭陽技術學院","觀光旅遊系","2.00","2.00","0.00","1.00","0.00","32.00"
"414004","蘭陽技術學院","餐旅管理系","4.00","1.00","0.00","0.00","0.00","34.67"
"414005","蘭陽技術學院","健康休閒管理系","3.00","2.00","0.00","0.00","0.00","13.33"
"415001","黎明技術學院","電機工程系","1.00","1.00","1.00","0.00","1.00","21.67"
"415002","黎明技術學院","機械工程系","1.00","1.00","1.00","0.00","1.00","28.33"
"415003","黎明技術學院","創意產品設計系","1.00","1.00","1.00","1.00","1.00","41.33"
"415004","黎明技術學院","觀光休閒系","1.00","1.00","1.00","2.00","1.00","25.56"
"416001","東方設計學院","美術工藝系","1.00","1.00","0.00","1.00","0.00","28.89"
"416002","東方設計學院","影視藝術系","1.00","1.00","1.00","1.00","0.00","30.00"
"416003","東方設計學院","流行商品設計系","1.00","1.00","0.00","1.00","0.00","22.22"
"416004","東方設計學院","室內設計系","1.00","1.00","0.00","1.00","0.00","44.44"
"416005","東方設計學院","餐飲管理系","1.00","1.00","0.00","1.00","1.00","23.33"
"416006","東方設計學院","遊戲與動畫設計系","1.00","1.00","0.00","1.00","1.00","28.33"
"416007","東方設計學院","設計行銷系","1.00","1.00","0.00","1.00","0.00","28.89"
"416008","東方設計學院","觀光與休閒事業管理系","1.00","1.00","0.00","1.00","0.00","35.56"
"416009","東方設計學院","時尚美妝設計系美髮美容彩妝設計組","1.00","1.00","0.00","1.00","1.00","38.33"
"416010","東方設計學院","時尚美妝設計系美容保健組","1.00","1.00","0.00","1.00","1.00","23.33"
"416011","東方設計學院","表演藝術學位學程","1.00","1.00","0.00","1.00","0.00","24.44"
"417001","經國管理暨健康學院","護理系","1.00","2.00","1.00","0.00","0.00","16.67"
"417002","經國管理暨健康學院","食品保健系","1.00","1.00","1.00","0.00","0.00","24.44"
"417003","經國管理暨健康學院","幼兒保育系","1.00","1.00","1.00","0.00","0.00","28.89"
"417004","經國管理暨健康學院","美容流行設計系","1.00","1.00","1.00","0.00","0.00","20.00"
"417005","經國管理暨健康學院","餐旅管理系","1.00","2.00","1.00","0.00","0.00","20.00"
"417006","經國管理暨健康學院","資訊多媒體應用系","1.00","1.00","1.00","0.00","0.00","24.44"
"417007","經國管理暨健康學院","老人服務事業管理系","2.00","1.00","1.00","0.00","0.00","46.67"
"417008","經國管理暨健康學院","餐飲廚藝系","1.00","2.00","1.00","0.00","0.00","18.33"
"417009","經國管理暨健康學院","觀光休閒與健康系","2.00","1.00","1.00","0.00","0.00","38.33"
"418001","崇右技術學院","休閒事業經營系","1.00","0.00","0.00","0.00","0.00","53.33"
"418002","崇右技術學院","視覺傳達設計系","1.00","0.00","0.00","0.00","0.00","66.67"
"418003","崇右技術學院","數位媒體設計系","1.00","0.00","0.00","0.00","0.00","60.00"
"418004","崇右技術學院","時尚造型設計系","1.00","0.00","0.00","0.00","0.00","60.00"
"418005","崇右技術學院","創意商品設計系","1.00","0.00","0.00","0.00","0.00","73.33"
"418006","崇右技術學院","影視傳播系","1.00","0.00","0.00","0.00","0.00","60.00"
"418007","崇右技術學院","演藝事業系","1.00","0.00","0.00","0.00","0.00","60.00"
"418008","崇右技術學院","表演藝術系","1.00","0.00","0.00","0.00","0.00","60.00"
"418009","崇右技術學院","觀光旅遊管理系","1.00","0.00","0.00","0.00","0.00","53.33"
"418010","崇右技術學院","經營管理系","1.00","0.00","0.00","0.00","0.00","46.67"
"418011","崇右技術學院","攝影學士學位學程","1.00","0.00","0.00","0.00","0.00","46.67"
"419001","大同技術學院","餐飲管理系廚藝組","1.00","1.00","1.00","1.00","1.00","28.00"
"419002","大同技術學院","餐飲管理系日式廚藝組","1.00","1.00","1.00","1.00","1.00","38.67"
"419003","大同技術學院","烘焙管理系","1.00","1.00","1.00","1.00","1.00","28.00"
"419004","大同技術學院","旅遊與休閒娛樂管理系休閒旅遊組","1.00","1.00","1.00","1.00","1.00","38.67"
"419005","大同技術學院","旅遊與休閒娛樂管理系旅館管理組","1.00","1.00","1.00","1.00","1.00","33.33"
"419006","大同技術學院","時尚造型設計系","1.00","1.00","1.00","1.00","1.00","24.00"
"419007","大同技術學院","婚禮企劃與設計系","1.00","1.00","1.00","1.00","1.00","32.00"
"419008","大同技術學院","運動健康與休閒系","1.00","1.00","1.00","1.00","1.00","22.67"
"419009","大同技術學院","社會工作與服務管理系","1.00","1.00","1.00","1.00","1.00","34.67"
"419010","大同技術學院","商業經營與設計系","1.00","1.00","1.00","1.00","1.00","18.67"
"419011","大同技術學院","茶文化與事業經營學士學位學程","1.00","1.00","1.00","1.00","1.00","24.00"
"420001","亞太創意技術學院","陶瓷創意設計系","1.00","1.00","1.00","1.00","1.00","28.00"
"420002","亞太創意技術學院","視覺傳達設計系","1.00","1.00","1.00","1.00","1.00","26.67"
"420003","亞太創意技術學院","數位媒體設計系動漫藝術組","1.00","1.00","1.00","1.00","1.00","25.33"
"420004","亞太創意技術學院","數位媒體設計系流行音樂與影視傳播組","1.00","1.00","1.00","1.00","1.00","25.33"
"420005","亞太創意技術學院","數位科技設計系","1.00","1.00","1.00","1.00","1.00","29.33"
"420006","亞太創意技術學院","休閒運動保健系","1.00","1.00","1.00","1.00","1.00","24.00"
"420007","亞太創意技術學院","觀光餐旅系","1.00","1.00","1.00","1.00","1.00","24.00"
"420008","亞太創意技術學院","寵物美容學士學位學程","1.00","1.00","1.00","1.00","1.00","26.67"
"420009","亞太創意技術學院","茶業技術應用系","1.00","1.00","1.00","1.00","1.00","24.00"
"423001","臺灣觀光學院","餐飲管理系","1.00","1.00","1.00","1.00","1.00","21.33"
"423002","臺灣觀光學院","觀光旅遊系","1.00","1.00","1.00","1.00","1.00","22.67"
"423003","臺灣觀光學院","觀光休閒系","1.00","1.00","1.00","1.00","1.00","21.33"
"423004","臺灣觀光學院","廚藝管理系","1.00","1.00","1.00","1.00","1.00","25.33"
"423005","臺灣觀光學院","旅館管理系","1.00","1.00","1.00","1.00","1.00","25.33"
"423006","臺灣觀光學院","銀髮族健康管理系","1.00","1.00","1.00","1.00","1.00","24.00"
"424001","台北海洋技術學院","航海系（士林校區）","1.00","1.50","1.20","1.00","1.00","58.71"
"424002","台北海洋技術學院","海洋運動休閒系（士林校區）","1.00","1.00","1.00","1.00","1.00","28.00"
"424003","台北海洋技術學院","海空物流與行銷系（淡水校本部）","1.00","1.00","1.00","1.00","1.00","56.00"
"424004","台北海洋技術學院","數位遊戲與動畫設計系（淡水校本部）","1.00","1.00","1.00","1.00","0.00","56.67"
"424005","台北海洋技術學院","時尚造型設計管理系寵物美容設計組（淡水校本部）","1.00","1.00","1.00","1.00","1.00","53.33"
"424006","台北海洋技術學院","健康照顧社會工作系（淡水校本部）","1.00","1.00","1.00","1.00","1.00","16.00"
